Age,Sex,ALB,ALP,ALT,AST,BIL,CHE,CHOL,CREA,GGT,PROT
59,m,39.8,49.4,25.4,21.4,24.7,7.5,3.69,86.0,18.7,71.9
51,f,38.3,52.9,12.4,16.5,3.8,7.22,5.43,55.0,12.7,70.2
48,m,24.9,116.9,49.2,24.3,4.9,3.44,5.25,29.0,83.0,47.8
51,m,43.0,37.2,21.4,132.8,5.0,10.12,5.23,76.2,76.4,76.7
33,f,43.0,29.6,3.8,16.7,6.0,6.88,5.72,58.8,11.5,78.2
68,f,43.0,22.9,5.0,42.1,12.0,7.29,4.89,80.9,11.9,76.1
54,m,41.0,41.8,41.5,187.9,21.0,8.59,5.85,91.0,104.9,79.1
58,m,31.0,143.1,7.0,181.8,58.0,3.29,3.92,66.4,273.7,78.1
74,m,23.0,34.1,2.1,90.4,22.0,2.5,3.29,51.0,46.8,57.1
